{
  "n_images": 197,
  "n_samples": 1226,
  "n_hall": 192,
  "n_faith": 1034,
  "n_img_tokens": 576,
  "auc_b1_by_layer": {
    "8": 0.6068212040618955,
    "10": 0.6514748549323017,
    "12": 0.6450576241134751,
    "14": 0.6776928191489362,
    "16": 0.7143123388136686
  },
  "best_b1": {
    "layer": 16,
    "auroc": 0.7143123388136686
  }
}