{
  "n_images": 197,
  "n_samples": 1226,
  "n_hall": 192,
  "n_faith": 1034,
  "alpha_stats": {
    "8": {
      "b1_mean": 0.13199541585396996,
      "b1_std": 0.03298395366607806,
      "b3_mean": 0.23485175947549985,
      "b3_std": 0.006940642103460053
    },
    "10": {
      "b1_mean": 0.15694469194575614,
      "b1_std": 0.03872685478353297,
      "b3_mean": 0.2045924475199075,
      "b3_std": 0.005800943416121187
    },
    "12": {
      "b1_mean": 0.14077914874943984,
      "b1_std": 0.03591044355500585,
      "b3_mean": 0.23187498801250747,
      "b3_std": 0.004328608247894381
    },
    "14": {
      "b1_mean": 0.1310645864926619,
      "b1_std": 0.030795067791721906,
      "b3_mean": 0.25508457392000305,
      "b3_std": 0.005134201982896267
    },
    "16": {
      "b1_mean": 0.14151186187784684,
      "b1_std": 0.029745667200749153,
      "b3_mean": 0.2961362818170925,
      "b3_std": 0.010933070038903163
    }
  },
  "cos_stats": {
    "8": {
      "b1_mean": 0.9906913262938485,
      "b1_std": 0.004478128348349119,
      "b3_mean": 0.9720050417227188,
      "b3_std": 0.0016730784300460497
    },
    "10": {
      "b1_mean": 0.9868275789439981,
      "b1_std": 0.006306380369716326,
      "b3_mean": 0.978829232871835,
      "b3_std": 0.0012062690066538613
    },
    "12": {
      "b1_mean": 0.9893758345376417,
      "b1_std": 0.0052083387133641905,
      "b3_mean": 0.9727354089015632,
      "b3_std": 0.0010329616567207745
    },
    "14": {
      "b1_mean": 0.9908867348269158,
      "b1_std": 0.004133383243235277,
      "b3_mean": 0.9669041182789101,
      "b3_std": 0.0013506322523509132
    },
    "16": {
      "b1_mean": 0.9894804440174007,
      "b1_std": 0.004247840557020869,
      "b3_mean": 0.9550771595257793,
      "b3_std": 0.003379791135424567
    }
  },
  "auroc_stats": {
    "8": {
      "d_ablation": 0.8209018375241779,
      "d_clean_b1": 0.8203024258542875,
      "delta_b1": -0.0005994116698904151,
      "d_clean_b3": 0.8291676740812379,
      "delta_b3": 0.008265836557060036
    },
    "10": {
      "d_ablation": 0.8172852192134106,
      "d_clean_b1": 0.8161418036750483,
      "delta_b1": -0.0011434155383622802,
      "d_clean_b3": 0.8202722034171503,
      "delta_b3": 0.002986984203739773
    },
    "12": {
      "d_ablation": 0.8219142891682786,
      "d_clean_b1": 0.8216422872340425,
      "delta_b1": -0.0002720019342360436,
      "d_clean_b3": 0.8267146196002579,
      "delta_b3": 0.0048003304319793605
    },
    "14": {
      "d_ablation": 0.8342148210831721,
      "d_clean_b1": 0.8305176096067053,
      "delta_b1": -0.003697211476466844,
      "d_clean_b3": 0.8357511283043197,
      "delta_b3": 0.0015363072211476148
    },
    "16": {
      "d_ablation": 0.8075132978723405,
      "d_clean_b1": 0.8001742827208254,
      "delta_b1": -0.007339015151515138,
      "d_clean_b3": 0.8151948339780788,
      "delta_b3": 0.007681536105738296
    }
  },
  "sanity_stats": {
    "8": {
      "faith_mean": -0.35980491158579486,
      "hall_mean": -0.26125358243007213,
      "diff": 0.09855132915572273,
      "auroc": 0.8203024258542875
    },
    "10": {
      "faith_mean": -0.34982354029638396,
      "hall_mean": -0.23820539835530022,
      "diff": 0.11161814194108374,
      "auroc": 0.8161418036750483
    },
    "12": {
      "faith_mean": -0.34370320920816244,
      "hall_mean": -0.22276002075523138,
      "diff": 0.12094318845293106,
      "auroc": 0.8216422872340425
    },
    "14": {
      "faith_mean": -0.2926990250323681,
      "hall_mean": -0.17554081231355667,
      "diff": 0.11715821271881144,
      "auroc": 0.8305176096067053
    },
    "16": {
      "faith_mean": -0.2612449901657651,
      "hall_mean": -0.16743887502040403,
      "diff": 0.09380611514536105,
      "auroc": 0.8001742827208254
    }
  },
  "verdict": "\uc815\uc81c \uc2e4\uc9c8\uc801 + \ud310\ubcc4\ub825 \uc720\uc9c0 \u2192 projection \ubcf8\uccb4 \uad6c\ud604\uc73c\ub85c \uc9c4\ud589."
}